"2764","20081013","26","2","7","27","33","39","19","40","$2,000,000.00","$4,308.95","$445.95","$26.20","$13.90"
"2765","20081015","28","16","43","21","13","27","26","38","$0.00","$2,963.90","$456.80","$24.35","$13.55"
"2766","20081020","12","18","23","34","38","28","2","8","$384,615.39","$1,346.05","$255.65","$19.95","$11.15"
"2767","20081022","27","42","15","6","16","24","17","2","$0.00","$4,726.15","$412.60","$25.35","$13.90"
"2768","20081027","19","1","30","3","29","27","23","33","$2,056,830.91","$5,154.50","$324.85","$20.30","$12.25"
"2769","20081029","27","43","30","34","10","45","17","8","$0.00","$3,888.70","$493.00","$30.00","$16.70"
"2770","20081103","6","23","17","4","16","9","18","29","$666,666.67","$3,861.65","$361.20","$20.90","$11.80"
"2771","20081105","35","24","11","10","36","32","29","15","$1,000,000.00","$10,612.10","$657.30","$29.70","$15.05"
"2772","20081110","18","26","15","44","6","24","2","27","$0.00","$4,812.25","$510.75","$27.10","$13.55"
"2773","20081112","29","3","1","10","39","34","18","11","$2,000,000.00","$5,114.80","$471.20","$26.00","$12.85"
"2774","20081117","11","45","1","37","29","18","20","34","$506,169.72","$3,487.90","$469.30","$27.95","$15.35"
"2775","20081119","10","26","29","23","14","19","43","34","$142,857.15","$4,758.65","$249.25","$18.30","$13.60"
"2776","20081124","39","43","2","20","24","11","5","45","$0.00","$4,530.30","$493.40","$27.20","$15.75"
"2777","20081126","22","42","34","19","32","5","35","39","$153,846.16","$4,069.55","$557.40","$26.80","$15.35"
"2778","20081201","20","22","43","5","35","40","21","6","$0.00","$7,664.75","$468.40","$27.50","$16.30"
"2779","20081203","36","13","4","26","16","28","35","5","$1,000,000.00","$7,401.50","$340.45","$21.45","$13.80"
"2780","20081208","17","2","41","30","18","27","23","29","$1,000,000.00","$5,829.50","$543.45","$27.70","$13.95"
"2781","20081210","9","16","18","7","24","38","39","12","$1,000,000.00","$2,736.30","$438.35","$23.05","$12.95"
"2782","20081215","32","4","20","15","19","18","23","35","$333,333.34","$4,554.00","$488.70","$25.50","$13.70"
"2783","20081217","3","41","18","1","25","8","23","42","$0.00","$3,401.85","$460.85","$23.20","$14.80"
"2784","20081222","16","43","1","13","40","33","35","44","$0.00","$4,894.50","$483.85","$27.50","$17.05"
"2785","20081224","33","14","22","25","42","19","27","43","$1,500,000.00","$5,824.25","$485.35","$26.70","$15.15"
"2786","20081229","32","42","35","14","38","43","44","21","$0.00","$8,741.70","$633.80","$30.10","$13.85"
"2787","20081231","16","26","19","15","44","28","37","13","$0.00","$4,102.60","$607.30","$27.20","$13.50"
"2788","20090105","24","42","21","28","33","19","11","44","$1,561,934.52","$4,809.60","$554.00","$27.05","$13.95"
"2789","20090107","45","37","35","38","26","32","31","10","$0.00","$7,168.05","$519.70","$29.55","$16.70"
"2790","20090112","5","42","23","12","6","36","44","8","$2,000,000.00","$3,128.00","$475.70","$24.70","$14.00"
"2791","20090114","30","38","11","23","5","45","24","40","$0.00","$5,547.35","$561.55","$27.60","$16.80"
"2792","20090119","7","34","30","33","10","36","38","41","$0.00","$4,296.45","$506.80","$26.25","$15.25"
"2793","20090121","4","33","8","10","21","7","13","30","$6,000,000.00","$3,617.05","$329.90","$19.75","$11.15"
"2794","20090126","31","8","9","39","7","14","17","41","$1,000,000.00","$5,068.30","$532.65","$26.90","$14.85"
"2795","20090128","43","18","17","23","4","30","6","11","$0.00","$3,308.20","$516.90","$27.50","$12.80"
"2796","20090202","19","35","11","24","29","38","36","41","$2,000,000.00","$5,498.75","$329.45","$21.15","$15.40"
"2797","20090204","27","26","5","43","15","37","42","45","$1,000,000.00","$5,479.85","$412.85","$24.80","$16.90"
"2798","20090209","30","12","44","7","15","2","26","1","$500,000.00","$2,548.40","$507.85","$23.00","$12.15"
"2799","20090211","31","23","43","33","42","25","10","3","$0.00","$4,756.70","$703.25","$31.80","$14.25"
"2800","20090216","38","31","3","28","15","34","23","22","$1,000,000.00","$4,686.90","$407.55","$25.75","$12.80"
"2801","20090218","17","41","44","35","2","26","22","7","$1,000,000.00","$4,176.40","$452.60","$28.00","$15.65"
"2802","20090223","37","3","28","8","16","17","1","40","$0.00","$6,779.35","$378.05","$22.35","$13.30"
"2803","20090225","20","41","11","45","25","31","27","2","$0.00","$4,469.75","$642.70","$31.90","$15.20"
"2804","20090302","11","26","14","41","39","18","22","28","$3,013,144.19","$3,067.60","$596.95","$28.70","$14.05"
"2805","20090304","20","39","1","4","10","16","31","14","$500,000.00","$4,655.75","$388.00","$23.65","$13.55"
"2806","20090309","41","6","9","20","12","43","10","1","$0.00","$10,045.95","$597.95","$30.35","$14.85"
"2807","20090311","24","5","22","12","10","41","25","18","$2,000,000.00","$3,709.50","$436.75","$24.80","$13.40"
"2808","20090316","30","25","11","45","5","18","31","32","$0.00","$7,595.50","$414.80","$23.75","$15.80"
"2809","20090318","28","8","39","32","40","31","34","1","$2,000,000.00","$6,447.85","$680.35","$29.15","$15.80"
"2810","20090323","22","17","4","2","38","11","29","30","$0.00","$2,922.45","$320.40","$19.60","$11.15"
"2811","20090325","1","7","27","10","21","15","6","20","$666,666.67","$1,821.80","$210.15","$15.40","$10.15"
"2812","20090330","44","6","20","5","33","8","24","3","$0.00","$5,976.25","$612.45","$27.55","$12.80"
"2813","20090401","4","39","8","27","17","3","30","16","$1,000,000.00","$4,062.55","$450.35","$22.00","$12.95"
"2814","20090406","13","23","31","19","42","21","39","6","$2,500,000.00","$4,127.20","$364.05","$22.65","$13.50"
"2815","20090408","35","41","21","10","24","8","5","1","$500,000.00","$5,267.90","$441.00","$26.90","$13.45"
"2816","20090413","44","15","35","40","31","32","33","23","$0.00","$11,220.50","$734.70","$34.60","$15.90"
"2817","20090415","9","38","39","12","17","4","21","1","$2,000,000.00","$10,548.50","$543.25","$26.00","$14.05"
"2818","20090420","15","7","9","11","21","45","6","22","$500,000.00","$2,744.00","$349.35","$20.65","$12.00"
"2819","20090422","43","27","12","10","40","36","13","32","$1,000,000.00","$4,653.60","$496.55","$27.15","$15.05"
"2820","20090427","29","23","4","36","21","27","25","41","$1,000,000.00","$2,928.70","$394.50","$20.00","$13.55"
"2821","20090429","32","2","22","35","27","6","40","14","$1,000,000.00","$3,581.00","$466.55","$24.60","$14.40"
"2822","20090504","16","20","10","26","32","27","35","44","$1,000,000.00","$7,733.80","$511.60","$24.35","$15.80"
"2823","20090506","16","42","27","29","18","9","26","12","$0.00","$4,628.50","$501.85","$23.80","$13.30"
"2824","20090511","29","41","17","4","24","38","37","9","$2,000,000.00","$4,841.35","$537.95","$29.95","$16.15"
"2825","20090513","35","43","32","4","12","8","30","26","$1,000,000.00","$7,033.30","$507.10","$28.10","$14.90"
"2826","20090518","34","25","15","17","7","5","12","35","$1,000,000.00","$1,643.20","$292.15","$20.15","$11.05"
"2827","20090520","21","10","5","23","32","19","26","31","$500,000.00","$8,390.35","$334.40","$20.00","$12.15"
"2828","20090525","37","2","11","24","40","34","6","13","$0.00","$5,714.30","$506.90","$28.65","$14.55"
"2829","20090527","4","26","41","37","44","14","29","33","$0.00","$8,570.70","$608.25","$28.60","$16.90"
"2830","20090601","44","31","11","24","42","45","28","39","$1,500,000.00","$7,921.55","$643.40","$35.50","$17.50"
"2831","20090603","7","5","35","27","32","33","44","3","$1,000,000.00","$3,529.40","$450.70","$25.55","$13.50"
"2832","20090608","45","1","24","30","37","44","27","14","$0.00","$21,675.55","$722.50","$38.20","$17.65"
"2833","20090610","13","15","30","35","3","43","20","18","$0.00","$1,892.80","$392.30","$22.65","$12.30"
"2834","20090615","13","19","14","38","34","5","43","39","$3,000,000.00","$4,580.85","$408.00","$25.30","$15.40"
"2835","20090617","41","7","6","38","11","2","34","28","$0.00","$5,859.30","$527.20","$25.30","$13.70"
"2836","20090622","28","27","20","18","37","45","32","2","$2,000,000.00","$7,405.05","$555.75","$28.65","$15.80"
"2837","20090624","44","32","11","26","18","41","22","7","$333,333.34","$4,327.80","$535.45","$29.85","$14.20"
"2838","20090629","13","37","32","35","15","12","22","31","$0.00","$6,190.85","$582.05","$31.05","$15.20"
"2839","20090701","40","31","34","14","4","45","7","39","$0.00","$7,231.75","$542.75","$30.70","$17.55"
"2840","20090706","17","19","6","35","41","24","39","37","$2,500,000.00","$5,317.65","$470.15","$26.80","$15.25"
"2841","20090708","3","14","42","18","15","45","4","21","$1,000,000.00","$7,423.05","$705.65","$33.60","$16.20"
"2842","20090713","23","14","11","41","27","44","40","29","$0.00","$2,813.45","$371.20","$24.80","$14.20"
"2843","20090715","11","19","37","23","45","10","43","12","$2,000,000.00","$6,317.70","$492.85","$22.85","$15.00"
"2844","20090720","29","35","38","22","26","25","6","9","$1,000,000.00","$7,302.75","$390.50","$24.85","$14.45"
"2845","20090722","28","7","8","11","30","1","35","33","$250,000.00","$2,494.85","$209.40","$16.35","$12.65"
"2846","20090727","5","17","34","27","24","7","45","14","$1,000,000.00","$2,007.10","$268.20","$18.35","$12.90"
"2847","20090729","12","32","45","9","31","28","16","17","$1,000,000.00","$9,308.90","$661.50","$33.50","$16.50"
"2848","20090803","10","32","7","28","17","40","11","4","$500,000.00","$3,732.45","$423.90","$22.95","$11.40"
"2849","20090805","32","25","43","4","3","33","17","36","$0.00","$7,286.10","$677.55","$32.75","$16.15"
"2850","20090810","24","35","4","45","22","1","38","31","$0.00","$9,750.35","$678.80","$31.75","$17.40"
"2851","20090812","11","24","31","29","7","39","3","6","$1,536,114.30","$2,855.95","$402.75","$22.75","$12.15"
"2852","20090817","31","26","19","45","37","6","38","4","$500,000.00","$6,753.40","$462.85","$29.90","$16.75"
"2853","20090819","10","25","18","17","13","4","40","24","$1,000,000.00","$5,105.10","$303.85","$20.30","$13.45"
"2854","20090824","40","27","23","26","20","5","13","33","$1,000,000.00","$2,893.10","$516.05","$23.90","$12.50"
"2855","20090826","12","20","1","35","14","2","34","39","$500,000.00","$7,069.55","$536.85","$25.85","$17.00"
"2856","20090831","5","25","17","38","13","8","1","43","$0.00","$4,587.65","$343.95","$20.15","$13.05"
"2857","20090902","12","23","28","19","43","26","36","30","$2,000,000.00","$3,363.60","$426.25","$21.45","$12.65"
"2858","20090907","8","27","20","40","2","44","9","30","$0.00","$4,778.50","$438.05","$25.00","$13.00"
"2859","20090909","9","12","38","31","23","17","28","10","$2,000,000.00","$7,383.50","$541.45","$26.10","$13.40"
"2860","20090914","16","34","41","11","9","18","15","19","$0.00","$7,584.30","$509.60","$29.50","$15.45"
"2861","20090916","25","36","29","39","6","5","14","15","$2,000,000.00","$5,828.80","$604.90","$27.15","$13.55"
"2862","20090921","14","19","21","15","22","42","7","1","$5,000,000.00","$3,730.30","$482.10","$26.75","$12.35"
"2863","20090923","45","31","35","42","36","44","20","29","$1,000,000.00","$3,874.00","$483.40","$30.00","$16.80"
"2864","20090928","13","38","36","21","45","35","39","12","$0.00","$4,098.70","$621.85","$31.65","$16.80"
"2865","20090930","14","4","21","45","23","1","31","30","$0.00","$7,211.50","$489.65","$27.85","$14.95"
"2866","20091005","17","36","42","11","21","26","8","37","$3,000,000.00","$3,647.65","$407.05","$23.90","$13.30"
"2867","20091007","30","11","21","25","17","33","44","36","$1,000,000.00","$5,911.05","$325.90","$21.45","$14.55"
"2868","20091012","7","29","2","8","37","19","17","22","$0.00","$2,771.10","$352.30","$20.00","$10.75"
"2869","20091014","12","30","39","3","17","43","5","36","$0.00","$4,161.60","$349.45","$25.50","$14.35"
"2870","20091019","28","4","15","5","41","16","45","12","$0.00","$14,806.20","$580.65","$28.60","$15.60"
"2871","20091021","14","30","12","7","38","28","36","4","$0.00","$2,979.60","$421.80","$22.05","$12.30"
"2872","20091026","22","37","18","10","42","17","27","39","$0.00","$3,262.00","$482.60","$27.00","$13.15"
"2873","20091028","32","33","35","9","1","36","14","16","$0.00","$6,523.35","$606.25","$27.80","$16.35"
"2874","20091102","39","21","9","11","40","31","38","12","$8,533,475.72","$6,016.65","$380.35","$24.15","$14.35"
"2875","20091104","24","38","17","44","32","3","23","12","$333,333.34","$4,738.10","$495.10","$30.60","$15.25"
"2876","20091109","29","9","3","4","27","18","13","1","$500,000.00","$1,820.35","$250.75","$16.85","$9.45"
"2877","20091111","23","2","36","35","45","9","28","1","$0.00","$5,558.05","$549.15","$30.80","$16.50"
"2878","20091116","29","7","40","15","24","27","22","26","$2,000,000.00","$4,199.55","$390.95","$23.60","$13.20"
"2879","20091118","14","10","28","16","7","34","4","31","$0.00","$2,196.90","$348.85","$19.90","$11.30"
"2880","20091123","12","8","19","38","14","11","7","42","$0.00","$4,147.80","$473.00","$22.30","$12.05"
"2881","20091125","31","39","8","27","42","41","3","25","$0.00","$12,971.85","$587.20","$31.75","$17.25"
"2882","20091130","14","20","8","5","2","34","39","32","$0.00","$5,734.00","$402.25","$22.00","$14.60"
"2883","20091202","20","12","39","3","6","32","23","25","$6,000,000.00","$3,394.95","$467.95","$25.80","$13.60"
"2884","20091207","33","44","39","38","18","8","45","3","$1,000,000.00","$5,084.05","$541.90","$27.30","$16.55"
"2885","20091209","37","41","31","20","4","18","27","24","$0.00","$6,767.75","$466.95","$30.95","$15.45"
"2886","20091214","5","3","26","14","33","23","15","1","$2,000,000.00","$4,697.45","$371.75","$21.90","$13.00"
"2887","20091216","9","32","16","6","15","24","26","25","$1,000,000.00","$4,396.75","$445.55","$23.50","$12.65"
"2888","20091221","15","17","19","9","45","39","24","23","$0.00","$7,153.95","$530.70","$28.70","$15.50"
"2889","20091223","13","18","14","28","1","34","9","7","$1,000,000.00","$2,504.95","$367.40","$22.25","$11.15"
"2890","20091228","33","2","41","11","40","31","25","26","$500,000.00","$10,794.40","$589.00","$30.05","$15.60"
"2891","20091230","44","35","14","13","1","26","23","31","$0.00","$11,093.10","$585.25","$29.05","$14.90"
"2892","20100104","20","37","35","43","4","28","17","45","$0.00","$3,570.85","$457.40","$26.70","$15.85"
"2893","20100106","44","29","36","22","9","43","31","25","$0.00","$8,148.65","$500.35","$21.00","$16.25"
"2894","20100111","7","20","2","21","23","5","32","14","$1,339,740.46","$2,176.40","$344.40","$18.60","$12.00"
"2895","20100113","22","17","42","4","14","27","25","26","$1,000,000.00","$3,056.30","$340.20","$21.95","$13.90"
"2896","20100118","19","28","29","13","43","8","14","27","$500,000.00","$2,361.35","$250.45","$19.05","$11.90"
"2897","20100120","1","34","12","29","37","40","39","15","$0.00","$4,740.65","$625.25","$29.30","$16.05"
"2898","20100125","20","7","38","21","28","34","1","35","$1,000,000.00","$6,227.00","$411.00","$22.90","$11.95"
"2899","20100127","30","45","23","27","40","26","25","7","$0.00","$9,465.25","$652.35","$32.35","$14.50"
"2900","20100201","40","1","21","45","7","39","33","6","$2,000,000.00","$6,002.45","$485.50","$26.70","$14.75"
"2901","20100203","23","5","21","42","36","7","29","11","$125,000.00","$4,347.25","$281.90","$22.50","$11.00"
"2902","20100208","19","40","45","3","4","42","15","38","$0.00","$4,579.00","$732.90","$35.15","$17.75"
"2903","20100210","11","33","19","3","10","23","32","34","$2,000,000.00","$3,968.05","$274.50","$17.05","$13.80"
"2904","20100215","41","36","3","21","32","33","34","44","$0.00","$4,585.25","$569.90","$29.55","$16.20"
"2905","20100217","28","25","8","39","26","27","41","40","$0.00","$5,972.05","$559.90","$23.65","$16.75"
"2906","20100222","5","21","27","39","6","34","26","36","$5,000,000.00","$4,715.95","$467.35","$25.85","$14.80"
"2907","20100224","25","18","6","33","5","43","11","19","$0.00","$3,997.50","$580.95","$28.55","$13.20"
"2908","20100301","16","15","44","18","32","13","12","34","$0.00","$5,461.00","$658.65","$29.55","$15.70"
"2909","20100303","24","35","21","16","11","37","38","45","$0.00","$6,058.60","$558.45","$27.20","$16.90"
"2910","20100308","38","15","23","40","41","34","45","10","$0.00","$5,088.65","$811.25","$32.25","$18.25"
"2911","20100310","9","19","15","45","34","16","38","26","$5,215,019.64","$4,675.70","$543.05","$30.55","$16.55"
"2912","20100315","13","17","1","18","9","6","41","42","$1,000,000.00","$4,684.30","$276.20","$18.50","$15.45"
"2913","20100317","10","21","24","14","16","32","6","5","$1,000,000.00","$2,548.15","$422.65","$24.30","$12.40"
"2914","20100322","6","10","22","32","43","13","39","33","$0.00","$7,154.80","$515.85","$27.60","$16.35"
"2915","20100324","4","3","10","39","15","9","22","43","$0.00","$8,035.90","$403.65","$23.65","$14.80"
"2916","20100329","18","2","33","29","15","14","23","8","$3,000,000.00","$2,626.95","$437.80","$25.20","$12.95"
"2917","20100331","30","9","23","11","25","40","1","13","$0.00","$3,213.40","$441.85","$23.25","$11.80"
"2918","20100405","24","17","43","40","9","20","32","42","$2,000,000.00","$3,541.25","$669.85","$32.50","$18.30"
"2919","20100407","31","23","3","42","16","40","26","19","$0.00","$16,028.45","$595.65","$31.45","$14.85"
"2920","20100412","13","25","45","3","39","30","37","14","$0.00","$18,497.40","$524.40","$28.70","$16.60"
"2921","20100414","29","34","1","42","5","43","17","13","$1,000,000.00","$3,863.70","$597.40","$31.75","$15.55"
"2922","20100419","35","8","13","39","25","44","2","19","$1,000,000.00","$3,679.55","$629.60","$27.30","$13.95"
"2923","20100421","6","32","15","41","8","11","27","24","$1,000,000.00","$5,974.25","$547.65","$29.05","$13.40"
"2924","20100426","13","10","26","34","2","14","19","44","$333,333.34","$6,898.10","$356.25","$20.30","$13.45"
"2925","20100428","11","17","20","45","24","25","33","41","$333,333.34","$4,612.30","$500.35","$29.95","$17.65"
"2926","20100503","24","26","40","29","37","30","10","43","$500,000.00","$6,352.85","$582.35","$31.75","$16.00"
"2927","20100505","23","27","37","41","2","21","4","30","$1,000,000.00","$4,012.15","$501.50","$25.35","$14.45"
"2928","20100510","40","43","14","21","41","28","2","19","$0.00","$6,114.20","$566.75","$28.85","$16.20"
"2929","20100512","33","3","34","23","6","19","25","35","$2,000,000.00","$4,113.95","$374.00","$21.75","$13.90"
"2930","20100517","28","25","2","17","44","37","45","16","$0.00","$17,528.55","$436.25","$28.75","$17.65"
"2931","20100519","22","40","43","31","44","3","4","9","$1,000,000.00","$5,069.30","$683.35","$31.40","$16.15"
"2932","20100524","6","18","19","17","4","22","14","13","$1,250,000.00","$3,562.35","$343.05","$20.70","$11.60"
"2933","20100526","18","40","41","23","12","45","3","35","$0.00","$7,094.70","$711.30","$33.75","$16.55"
"2934","20100531","26","24","41","29","4","10","38","12","$1,000,000.00","$4,225.80","$466.25","$27.20","$14.30"
"2935","20100602","12","6","22","14","17","39","37","45","$0.00","$12,128.30","$453.80","$24.45","$17.45"
"2936","20100607","1","7","18","28","33","27","29","23","$0.00","$3,966.70","$336.45","$20.15","$11.30"
"2937","20100609","28","38","22","16","41","42","5","19","$3,000,000.00","$3,144.75","$560.05","$29.70","$15.60"
"2938","20100614","8","18","20","9","43","7","12","40","$0.00","$5,341.20","$447.65","$25.10","$13.05"
"2939","20100616","45","37","28","35","8","4","33","14","$0.00","$9,747.25","$850.95","$32.55","$15.85"
"2940","20100621","2","1","18","42","19","25","36","5","$1,500,000.00","$6,121.60","$590.70","$27.30","$13.30"
"2941","20100623","45","14","34","2","20","44","3","4","$1,000,000.00","$5,066.15","$500.55","$29.45","$14.50"
"2942","20100628","7","23","24","36","42","43","35","45","$500,000.00","$15,917.35","$841.80","$31.55","$18.55"
"2943","20100630","29","23","44","37","42","36","17","45","$0.00","$3,884.35","$537.45","$29.20","$16.90"
"2944","20100705","31","37","14","25","4","27","39","19","$2,000,000.00","$4,557.15","$514.15","$25.00","$13.75"
"2945","20100707","24","15","38","4","10","33","21","45","$1,000,000.00","$12,147.95","$503.30","$28.10","$16.40"
"2946","20100712","21","36","30","42","34","26","3","25","$1,000,000.00","$8,322.25","$455.45","$26.25","$15.85"
"2947","20100714","22","33","31","40","18","32","1","20","$0.00","$6,614.50","$738.15","$29.30","$16.15"
"2948","20100719","31","18","17","13","45","36","12","40","$1,000,000.00","$6,741.80","$565.05","$28.95","$17.10"
"2949","20100721","35","10","28","23","38","2","27","25","$0.00","$2,886.65","$371.75","$22.75","$13.50"
"2950","20100726","20","10","1","4","7","16","9","12","$666,666.67","$1,647.40","$210.25","$16.55","$9.50"
"2951","20100728","30","10","28","5","1","40","9","16","$1,000,000.00","$3,426.35","$268.95","$16.65","$11.60"
"2952","20100802","26","31","32","5","41","21","6","35","$1,000,000.00","$8,279.35","$611.25","$29.20","$15.95"
"2953","20100804","4","26","36","6","45","9","15","11","$1,000,000.00","$5,835.85","$421.65","$25.80","$13.50"
"2954","20100809","7","34","11","10","26","44","40","41","$0.00","$3,791.00","$554.30","$24.45","$16.00"
"2955","20100811","9","20","45","30","42","35","7","4","$2,000,000.00","$3,281.95","$593.75","$30.35","$16.20"
"2956","20100816","32","5","24","28","19","16","15","29","$0.00","$3,770.50","$257.40","$20.70","$13.10"
"2957","20100818","36","4","38","16","23","30","31","29","$1,000,000.00","$6,642.30","$504.75","$27.85","$16.50"
"2958","20100823","10","14","36","4","41","13","37","35","$1,000,000.00","$6,480.25","$660.05","$28.90","$17.00"
"2959","20100825","11","45","8","27","37","38","42","33","$0.00","$6,927.60","$559.15","$26.60","$15.60"
"2960","20100830","44","36","19","5","25","6","24","10","$1,000,000.00","$3,318.70","$494.15","$24.65","$13.30"
"2961","20100901","24","44","42","7","30","35","27","28","$1,000,000.00","$5,366.95","$606.55","$31.25","$13.30"
"2962","20100906","9","29","23","40","36","21","18","12","$1,025,800.90","$2,263.30","$543.10","$26.60","$12.75"
"2963","20100908","34","23","21","33","22","16","20","28","$333,333.34","$3,558.45","$543.65","$29.45","$14.15"
"2964","20100913","17","42","2","4","5","37","19","9","$0.00","$5,519.25","$603.10","$28.20","$13.15"
"2965","20100915","44","42","17","11","6","13","22","41","$0.00","$5,005.45","$498.75","$26.20","$14.85"
"2966","20100920","34","15","30","7","40","21","14","11","$2,500,000.00","$5,583.05","$409.40","$25.10","$12.50"
"2967","20100922","41","11","38","32","43","44","42","27","$0.00","$5,422.30","$526.30","$27.50","$12.30"
"2968","20100927","29","21","10","22","43","15","23","6","$2,000,000.00","$3,534.85","$528.30","$19.80","$13.75"
"2969","20100929","9","42","33","23","29","30","11","12","$0.00","$5,416.05","$703.65","$29.65","$13.45"
"2970","20101004","29","12","25","2","32","13","22","9","$1,000,000.00","$2,403.60","$497.90","$23.15","$11.10"
"2971","20101006","31","16","38","6","10","36","27","39","$0.00","$7,779.85","$434.40","$27.25","$14.75"
"2972","20101011","39","4","18","34","21","10","7","44","$2,000,000.00","$3,188.65","$433.95","$24.85","$13.15"
"2973","20101013","44","40","37","12","24","23","43","4","$0.00","$9,377.50","$569.25","$30.90","$15.30"
"2974","20101018","1","13","33","19","27","21","12","45","$0.00","$3,455.05","$304.35","$19.40","$13.45"
"2975","20101020","38","18","23","12","8","4","7","11","$3,000,000.00","$2,827.30","$236.20","$18.05","$10.70"
"2976","20101025","2","26","21","41","3","27","22","19","$1,000,000.00","$4,564.45","$601.65","$27.80","$14.00"
"2977","20101027","7","29","19","15","39","41","4","12","$500,000.00","$3,296.50","$314.55","$22.45","$13.25"
"2978","20101101","2","6","13","11","26","20","40","14","$200,000.00","$2,385.90","$214.10","$16.85","$12.15"
"2979","20101103","27","26","42","28","8","7","10","5","$0.00","$23,621.40","$551.65","$25.45","$12.10"
"2980","20101108","31","6","32","20","7","42","33","29","$2,000,000.00","$13,454.80","$649.15","$32.55","$16.95"
"2981","20101110","2","44","23","27","36","28","8","6","$500,000.00","$11,687.80","$519.45","$25.30","$12.85"
"2982","20101115","32","12","10","45","28","30","40","5","$5,000,000.00","$3,931.40","$483.45","$27.85","$13.90"
"2983","20101117","31","43","17","3","45","40","27","28","$0.00","$6,029.70","$645.50","$33.70","$16.50"
"2984","20101122","20","11","4","22","30","38","24","36","$1,000,000.00","$3,325.15","$333.25","$20.55","$12.90"
"2985","20101124","43","42","6","44","5","30","4","28","$0.00","$3,452.30","$537.05","$32.40","$16.90"
"2986","20101129","33","34","4","15","12","28","6","22","$2,000,000.00","$3,454.00","$519.60","$26.25","$13.15"
"2987","20101201","13","30","7","17","3","2","36","43","$1,000,000.00","$2,507.05","$298.05","$16.55","$13.45"
"2988","20101206","16","8","25","1","33","39","19","32","$1,000,000.00","$2,267.65","$412.00","$25.55","$13.40"
"2989","20101208","24","34","45","7","2","26","43","29","$0.00","$7,655.90","$519.85","$29.15","$16.60"
"2990","20101213","26","2","33","32","38","43","39","11","$0.00","$6,466.65","$702.55","$31.15","$16.00"
"2991","20101215","37","36","18","19","5","4","6","28","$600,000.00","$4,354.30","$433.45","$26.35","$13.00"
"2992","20101220","38","2","12","27","45","1","33","44","$0.00","$4,074.15","$609.75","$28.00","$17.10"
"2993","20101222","35","1","9","33","4","43","31","38","$666,666.67","$8,027.80","$580.95","$31.45","$17.40"
"2994","20101227","34","41","45","18","32","3","22","10","$0.00","$3,928.30","$793.90","$34.10","$17.30"
"2995","20101229","42","39","3","33","4","22","36","20","$0.00","$5,397.10","$557.45","$30.40","$15.85"
"2996","20110103","42","38","41","19","37","28","24","16","$0.00","$12,351.90","$506.05","$25.20","$18.15"
"2997","20110105","3","28","14","11","10","17","43","12","$2,000,000.00","$7,574.00","$348.25","$19.50","$12.10"
"2998","20110110","31","20","5","30","1","21","35","41","$1,000,000.00","$4,771.70","$351.20","$21.75","$14.15"
"2999","20110112","42","40","6","22","34","45","15","36","$500,000.00","$6,821.00","$521.05","$31.75","$17.75"
"3000","20110117","21","13","31","26","6","28","16","33","$333,333.34","$3,558.00","$280.15","$19.70","$12.65"
"3001","20110119","40","17","7","45","1","43","10","41","$333,333.34","$5,212.65","$521.25","$28.45","$13.00"
"3002","20110124","13","31","14","43","29","39","15","28","$0.00","$7,026.15","$536.70","$27.80","$15.75"
"3003","20110126","44","25","23","21","2","32","35","4","$1,000,000.00","$5,180.85","$383.75","$26.30","$13.90"
"3004","20110131","27","9","13","8","14","31","36","11","$0.00","$2,813.80","$322.40","$20.15","$11.05"
"3005","20110202","5","43","44","21","30","26","19","17","$0.00","$4,329.05","$570.60","$27.50","$14.45"
"3006","20110207","44","27","23","20","4","31","41","37","$0.00","$5,173.80","$478.60","$25.10","$15.40"
"3007","20110209","39","4","43","6","38","20","37","30","$0.00","$7,086.45","$674.90","$31.55","$16.35"
"3008","20110214","11","16","43","28","35","23","24","7","$2,620,246.06","$2,961.30","$418.80","$25.10","$13.35"
"3009","20110216","19","10","16","32","24","22","45","23","$1,000,000.00","$9,852.10","$418.10","$24.10","$15.50"
"3010","20110221","32","33","15","37","3","31","16","17","$0.00","$4,943.40","$639.05","$29.00","$16.45"
"3011","20110223","25","40","42","38","4","23","1","16","$0.00","$3,615.15","$533.25","$29.10","$16.40"
"3012","20110228","16","21","43","39","13","9","32","7","$2,500,000.00","$3,844.60","$500.80","$27.35","$14.05"
"3013","20110302","6","43","32","2","45","27","14","9","$1,000,000.00","$3,452.60","$579.20","$32.70","$16.50"
"3014","20110307","7","20","11","39","42","14","25","13","$1,000,000.00","$4,902.95","$445.00","$25.70","$13.50"
"3015","20110309","38","12","10","7","39","21","30","33","$0.00","$5,153.10","$488.65","$23.50","$13.55"
"3016","20110314","33","34","24","25","10","15","8","9","$0.00","$5,458.05","$529.75","$28.15","$14.90"
"3017","20110316","32","1","36","6","10","11","9","27","$3,000,000.00","$5,663.65","$530.95","$24.25","$12.15"
"3018","20110321","10","24","7","4","28","27","15","8","$0.00","$2,526.60","$262.45","$16.90","$10.15"
"3019","20110323","6","23","17","8","14","43","10","11","$1,000,000.00","$4,081.90","$383.75","$26.15","$11.70"
"3020","20110328","5","44","11","9","12","1","17","25","$0.00","$3,388.30","$304.50","$18.30","$11.40"
"3021","20110330","43","21","35","22","12","45","7","6","$2,000,000.00","$5,698.90","$537.30","$29.85","$14.40"
"3022","20110404","24","4","25","29","28","8","22","34","$0.00","$4,284.35","$359.75","$20.70","$13.00"
"3023","20110406","40","5","3","29","21","15","39","9","$1,000,000.00","$4,762.75","$344.25","$21.65","$12.70"
"3024","20110411","5","13","43","31","14","17","16","8","$1,000,000.00","$3,333.45","$552.25","$26.95","$14.30"
"3025","20110413","7","25","40","16","23","20","36","1","$1,000,000.00","$3,641.70","$474.30","$24.60","$13.05"
"3026","20110418","35","23","5","27","8","15","45","14","$333,333.34","$5,467.55","$295.80","$19.35","$13.20"
"3027","20110420","13","31","20","14","7","2","24","35","$500,000.00","$3,594.25","$312.65","$19.45","$12.85"
"3028","20110425","4","21","2","15","40","33","23","8","$1,000,000.00","$3,235.85","$471.45","$26.65","$13.35"
"3029","20110427","35","36","45","40","5","12","29","26","$1,000,000.00","$5,608.55","$658.05","$30.50","$15.60"
"3030","20110502","10","11","1","27","7","5","38","30","$500,000.00","$1,648.00","$152.05","$11.85","$10.30"
"3031","20110504","12","35","42","6","40","1","5","18","$500,000.00","$7,765.35","$561.95","$28.95","$14.40"
"3032","20110509","7","2","30","3","28","4","21","37","$333,333.34","$3,401.30","$310.75","$17.95","$12.00"
"3033","20110511","44","18","14","27","7","39","19","33","$333,333.34","$7,495.45","$374.75","$24.65","$13.50"
"3034","20110516","22","3","10","26","12","1","20","19","$333,333.34","$2,069.10","$248.05","$17.15","$10.30"
"3035","20110518","1","26","6","40","25","27","12","42","$1,000,000.00","$3,423.50","$347.30","$25.00","$14.70"
"3036","20110523","42","33","26","38","22","21","10","20","$1,000,000.00","$6,601.60","$608.95","$29.30","$15.70"
"3037","20110525","28","22","18","11","38","15","6","39","$500,000.00","$2,963.25","$250.30","$18.95","$12.80"
"3038","20110530","41","21","5","16","17","13","45","24","$0.00","$4,545.85","$526.85","$25.20","$14.65"
"3039","20110601","32","5","14","44","29","11","8","6","$0.00","$4,154.25","$417.30","$24.00","$12.90"
"3040","20110606","9","31","14","38","28","37","35","12","$3,000,000.00","$4,941.40","$576.00","$29.60","$15.15"
"3041","20110608","10","15","8","12","24","27","36","5","$1,000,000.00","$1,938.10","$304.55","$18.35","$10.35"
"3042","20110613","1","27","6","40","34","38","7","11","$0.00","$4,702.70","$570.55","$29.40","$13.05"
"3043","20110615","21","33","16","9","7","40","22","35","$0.00","$4,354.85","$392.05","$22.55","$14.30"
"3044","20110620","11","40","43","13","33","45","44","42","$3,000,000.00","$6,072.85","$481.75","$30.00","$14.85"
"3045","20110622","2","40","33","29","21","36","4","13","$0.00","$7,524.90","$595.50","$28.80","$13.90"
"3046","20110627","6","30","14","40","27","5","43","31","$0.00","$3,007.45","$451.10","$23.70","$15.75"
"3047","20110629","12","5","19","42","18","44","39","24","$0.00","$5,533.30","$563.60","$25.20","$14.85"
"3048","20110704","23","2","24","30","45","15","21","36","$2,500,000.00","$5,415.60","$729.20","$31.50","$15.95"
"3049","20110706","32","11","10","1","15","27","21","4","$1,000,000.00","$3,346.00","$493.55","$22.20","$10.70"
"3050","20110711","14","40","20","38","27","35","16","1","$0.00","$3,397.40","$407.45","$26.65","$15.85"
"3051","20110713","2","19","11","30","41","14","8","12","$2,000,000.00","$2,727.15","$449.70","$24.80","$12.80"
"3052","20110718","30","17","34","5","27","21","9","14","$0.00","$4,085.90","$397.75","$22.10","$11.35"
"3053","20110720","3","11","10","1","26","42","9","8","$0.00","$3,398.80","$445.10","$21.75","$11.00"
"3054","20110725","45","17","39","23","34","32","33","19","$0.00","$8,168.30","$655.15","$34.65","$16.90"
"3055","20110727","2","36","29","1","20","38","26","30","$0.00","$5,772.40","$462.15","$24.25","$15.50"
"3056","20110801","17","38","25","8","30","6","29","13","$0.00","$4,860.75","$479.85","$26.60","$13.85"
"3057","20110803","21","20","11","3","7","42","15","24","$1,281,126.95","$3,349.75","$285.30","$18.10","$12.00"
"3058","20110808","43","41","30","22","14","23","38","26","$0.00","$13,601.10","$1,411.40","$63.90","$31.60"
"3059","20110810","7","14","18","37","39","6","35","30","$0.00","$10,152.00","$1,109.90","$53.90","$30.10"
"3060","20110815","29","6","23","40","41","10","22","45","$3,427,023.70","$6,864.05","$481.95","$27.90","$16.55"
"3061","20110817","11","28","29","27","4","43","35","40","$333,333.34","$1,526.45","$293.15","$19.25","$13.10"
"3062","20110822","13","8","40","32","45","30","26","5","$0.00","$5,056.85","$648.30","$28.80","$14.55"
"3063","20110824","10","18","25","23","39","33","12","36","$0.00","$7,274.75","$483.75","$25.45","$14.35"
"3064","20110829","26","34","17","28","1","9","45","2","$3,000,000.00","$4,345.50","$364.50","$25.20","$15.55"
"3065","20110831","8","31","5","3","12","13","23","34","$0.00","$3,046.30","$249.60","$16.15","$11.20"
"3066","20110905","1","21","40","38","32","6","29","17","$1,000,000.00","$3,576.60","$487.95","$25.45","$15.05"
"3067","20110907","32","37","31","18","10","5","19","8","$0.00","$3,340.35","$526.00","$28.85","$13.80"
"3068","20110912","9","22","10","44","16","41","23","17","$2,000,000.00","$5,366.25","$517.80","$31.25","$16.55"
"3069","20110914","16","30","27","12","11","15","20","23","$0.00","$3,654.65","$397.75","$20.90","$11.25"
"3070","20110919","33","17","30","4","34","35","14","22","$0.00","$3,737.95","$700.30","$29.45","$14.90"
"3071","20110921","10","5","30","44","38","36","17","15","$3,000,000.00","$5,922.05","$533.95","$28.10","$14.05"
"3072","20110926","44","5","13","29","33","23","12","11","$333,333.34","$2,308.25","$331.30","$21.55","$11.20"
"3073","20110928","45","11","31","35","44","29","17","16","$1,000,000.00","$6,840.80","$522.55","$27.95","$16.30"
"3074","20111003","36","30","23","32","34","20","5","25","$0.00","$4,427.55","$360.75","$24.55","$15.25"
"3075","20111005","41","39","31","23","4","8","10","3","$0.00","$5,444.15","$554.50","$28.70","$14.90"
"3076","20111010","35","20","26","42","1","12","28","24","$0.00","$7,334.75","$607.80","$28.05","$14.40"
"3077","20111012","35","22","14","23","32","15","30","25","$4,000,000.00","$4,570.85","$450.15","$25.75","$14.80"
"3078","20111017","27","5","8","19","24","28","7","20","$333,333.34","$2,694.70","$285.95","$17.75","$10.00"
"3079","20111019","4","33","9","7","8","11","34","1","$1,000,000.00","$1,607.00","$247.00","$14.65","$9.65"
"3080","20111024","5","9","23","36","32","35","6","40","$0.00","$4,019.25","$405.60","$24.60","$15.00"
"3081","20111026","1","14","2","7","24","23","12","10","$0.00","$1,565.55","$340.15","$21.50","$10.55"
"3082","20111031","1","29","41","30","25","13","18","44","$0.00","$5,133.50","$605.40","$27.80","$15.40"
"3083","20111102","43","39","11","41","44","5","40","18","$0.00","$6,138.00","$568.95","$26.20","$14.40"
"3084","20111107","31","22","6","30","33","7","44","29","$0.00","$5,255.85","$487.40","$27.85","$15.30"
"3085","20111109","36","17","27","34","22","37","25","43","$6,358,155.28","$4,258.70","$342.10","$22.20","$14.15"
"3086","20111114","13","16","23","43","20","35","42","12","$0.00","$4,275.15","$559.85","$27.25","$16.40"
"3087","20111116","26","10","11","12","7","20","17","4","$2,000,000.00","$3,079.55","$275.80","$16.50","$9.25"
"3088","20111121","35","42","29","15","33","18","14","30","$0.00","$5,610.50","$469.90","$26.80","$16.45"
"3089","20111123","27","1","39","32","30","29","15","23","$0.00","$13,000.55","$584.90","$30.75","$15.35"
"3090","20111128","39","17","8","22","19","42","2","16","$1,500,000.00","$2,672.10","$460.60","$25.00","$13.60"
"3091","20111130","35","12","32","30","41","6","9","24","$1,000,000.00","$8,053.20","$615.15","$30.55","$15.25"
"3092","20111205","32","9","13","43","38","44","15","33","$0.00","$12,113.35","$683.30","$32.50","$17.40"
"3093","20111207","17","37","41","7","19","13","5","31","$0.00","$2,605.50","$367.45","$20.25","$12.00"
"3094","20111212","38","13","24","23","39","43","3","22","$3,000,000.00","$6,829.95","$569.15","$29.50","$13.35"
"3095","20111214","18","31","12","44","30","34","1","26","$1,000,000.00","$6,534.55","$434.50","$27.10","$15.65"
"3096","20111219","1","43","11","4","21","29","31","5","$500,000.00","$3,470.70","$326.30","$20.45","$10.75"
"3097","20111221","35","5","9","10","32","36","23","2","$1,000,000.00","$1,845.35","$454.75","$27.25","$13.45"
"3098","20111226","26","1","45","29","38","33","24","42","$0.00","$7,203.30","$861.25","$33.15","$17.80"
"3099","20111228","13","24","41","7","3","39","43","27","$0.00","$3,368.60","$521.35","$25.75","$12.95"
"3100","20120102","20","44","15","36","12","40","32","8","$0.00","$5,927.90","$499.65","$20.75","$14.85"
"3101","20120104","28","29","31","11","9","5","26","14","$4,000,000.00","$3,283.15","$311.35","$19.25","$11.30"
"3102","20120109","10","9","39","29","40","8","3","28","$1,000,000.00","$5,049.90","$373.30","$24.05","$12.85"
"3103","20120111","30","3","42","7","41","36","11","26","$0.00","$5,248.40","$577.30","$30.60","$14.35"
"3104","20120116","31","38","37","12","7","18","41","44","$1,000,000.00","$5,322.90","$391.90","$25.10","$16.60"
"3105","20120118","13","32","1","19","25","37","6","9","$0.00","$2,458.85","$370.80","$23.90","$13.15"
"3106","20120123","41","25","39","17","38","10","2","44","$2,000,000.00","$5,994.50","$523.35","$31.30","$17.45"
"3107","20120125","33","26","22","13","14","15","6","31","$1,000,000.00","$11,638.70","$523.60","$26.75","$13.75"
"3108","20120130","43","15","14","20","18","4","11","34","$1,000,000.00","$6,781.80","$455.65","$27.75","$13.50"
"3109","20120201","9","30","35","1","43","37","38","33","$1,000,000.00","$4,081.60","$658.50","$32.15","$17.45"
"3110","20120206","35","38","10","3","13","44","12","5","$1,000,000.00","$8,029.00","$485.25","$26.50","$14.15"
"3111","20120208","44","30","39","9","36","27","1","43","$0.00","$5,690.00","$427.95","$26.55","$15.90"
"3112","20120213","35","11","23","31","40","14","17","7","$2,000,000.00","$4,331.95","$471.80","$26.10","$12.15"
"3113","20120215","40","29","8","33","11","5","21","19","$1,000,000.00","$1,822.60","$374.45","$20.70","$10.55"
"3114","20120220","20","7","1","19","26","23","40","12","$333,333.34","$2,204.10","$310.85","$19.70","$11.05"
"3115","20120222","44","17","3","43","16","2","24","4","$0.00","$4,871.35","$572.50","$30.90","$16.05"
"3116","20120227","20","35","19","38","34","11","3","29","$0.00","$4,591.65","$507.15","$24.65","$10.35","$8.70"
"3117","20120229","14","16","3","5","39","37","26","20","$0.00","$6,076.90","$488.95","$28.15","$14.00","$9.65"
"3118","20120305","14","8","44","11","1","29","31","42","$1,000,000.00","$4,476.30","$314.15","$19.20","$13.55","$12.60"
"3119","20120307","10","41","38","43","4","30","36","23","$1,000,000.00","$7,615.75","$542.00","$29.15","$15.05","$10.50"
"3120","20120312","31","15","5","20","42","26","40","6","$1,000,000.00","$3,937.40","$337.40","$23.35","$14.35","$11.00"
"3121","20120314","30","12","38","33","40","5","27","3","$0.00","$8,878.40","$563.70","$26.40","$12.80","$8.05"
"3122","20120319","23","45","44","9","8","20","43","29","$1,000,000.00","$11,322.60","$1,003.80","$57.10","$30.60","$20.60"
"3123","20120321","24","36","27","16","44","30","13","5","$1,000,000.00","$8,994.50","$999.40","$51.40","$26.40","$16.90"
"3124","20120326","42","17","44","31","21","36","28","34","$1,000,000.00","$5,931.60","$425.85","$27.10","$15.15","$10.60"
"3125","20120328","11","13","44","30","5","42","31","37","$1,000,000.00","$8,490.90","$435.45","$23.15","$14.15","$11.10"
"3126","20120402","30","42","13","2","40","21","12","15","$0.00","$8,991.25","$437.05","$24.95","$14.05","$9.70"
"3127","20120404","35","23","40","1","32","43","16","7","$0.00","$4,800.00","$574.35","$29.05","$14.75","$9.60"
"3128","20120409","32","27","4","6","26","18","42","31","$0.00","$4,930.15","$486.05","$23.85","$15.25","$12.85"
"3129","20120411","29","42","32","39","10","40","1","43","$0.00","$7,288.25","$650.50","$28.15","$15.10","$12.60"
"3130","20120416","19","31","30","20","43","24","35","12","$0.00","$7,621.15","$499.90","$28.50","$14.25","$10.45"
"3131","20120418","40","12","17","42","5","10","14","13","$0.00","$4,654.20","$556.90","$25.35","$13.50","$10.15"
"3132","20120423","11","31","7","21","29","28","25","24","$1,000,000.00","$2,856.65","$193.65","$13.30","$9.90","$10.40"
"3133","20120425","40","45","34","6","37","27","10","23","$1,000,000.00","$13,909.60","$754.80","$31.05","$14.70","$8.85"
"3134","20120430","23","42","39","32","16","31","22","45","$1,000,000.00","$7,064.95","$615.45","$31.15","$18.35","$14.40"
"3135","20120502","41","27","12","36","38","37","15","28","$0.00","$16,017.25","$553.70","$27.25","$15.20","$9.95"
"3136","20120507","45","20","44","21","18","3","31","25","$1,000,000.00","$6,071.10","$668.60","$30.70","$16.35","$11.25"
"3137","20120509","16","19","44","3","38","25","42","29","$1,000,000.00","$3,183.70","$442.20","$25.85","$15.05","$11.55"
"3138","20120514","1","11","20","44","26","40","28","33","$0.00","$4,617.15","$388.25","$21.95","$13.05","$10.80"
"3139","20120516","31","23","21","15","24","32","33","34","$1,000,000.00","$8,539.95","$389.10","$26.10","$15.15","$11.55"
"3140","20120521","22","7","1","32","23","38","16","35","$1,000,000.00","$5,492.65","$525.05","$24.95","$13.90","$11.65"
"3141","20120523","8","44","11","27","40","18","35","26","$1,000,000.00","$4,262.40","$450.60","$23.15","$13.55","$10.45"
"3142","20120528","24","34","41","12","18","6","5","25","$0.00","$7,213.80","$776.90","$41.90","$27.20","$17.60"
"3143","20120530","18","39","16","7","13","22","36","31","$0.00","$7,285.80","$772.70","$42.30","$25.30","$21.90"
"3144","20120604","4","12","2","24","17","35","5","36","$666,666.67","$5,814.75","$444.85","$21.55","$12.55","$10.70"
"3145","20120606","36","32","24","41","9","23","45","22","$0.00","$26,308.10","$553.00","$28.25","$17.45","$13.55"
"3146","20120611","42","21","34","13","44","40","37","7","$1,000,000.00","$4,532.55","$463.85","$27.25","$13.35","$9.15"
"3147","20120613","27","36","20","6","8","24","14","40","$0.00","$3,411.30","$344.60","$21.65","$12.65","$11.10"
"3148","20120618","21","43","4","16","34","12","44","37","$0.00","$6,544.65","$452.45","$24.15","$14.50","$11.75"
"3149","20120620","38","32","10","24","30","41","27","37","$0.00","$10,194.85","$644.65","$31.35","$16.00","$9.60"
"3150","20120625","16","42","34","44","32","27","41","19","$0.00","$7,316.80","$450.10","$29.55","$16.70","$12.85"
"3151","20120627","30","44","29","15","32","35","34","39","$0.00","$5,469.05","$758.10","$29.60","$15.60","$11.65"
"3152","20120702","32","28","20","35","12","21","42","38","$1,000,000.00","$7,525.20","$493.60","$22.55","$12.00","$11.25"
"3153","20120704","35","8","40","22","6","13","14","45","$0.00","$5,113.45","$405.85","$23.05","$14.90","$13.85"
"3154","20120709","1","15","35","11","19","7","17","23","$1,000,000.00","$3,212.30","$228.45","$15.95","$9.25","$8.35"
"3155","20120711","20","44","15","4","6","41","38","30","$1,000,000.00","$12,459.30","$731.35","$28.80","$14.00","$11.80"
"3156","20120716","38","13","19","9","21","4","2","31","$1,000,000.00","$4,300.00","$340.10","$19.45","$11.10","$9.85"
"3157","20120718","38","5","18","7","37","20","17","35","$0.00","$6,208.80","$422.20","$25.55","$12.95","$10.60"
"3158","20120723","3","24","14","1","22","34","36","4","$0.00","$7,245.75","$526.00","$25.40","$12.50","$10.60"
"3159","20120725","7","43","19","38","34","4","28","36","$1,000,000.00","$5,405.30","$398.30","$22.55","$12.45","$9.55"
"3160","20120730","40","20","18","43","13","9","10","34","$1,000,000.00","$12,211.35","$516.90","$28.05","$14.60","$10.40"
"3161","20120801","17","18","37","24","2","34","28","5","$1,000,000.00","$5,887.80","$475.80","$27.05","$13.00","$8.40"
"3162","20120806","2","10","29","13","5","45","18","8","$1,000,000.00","$5,046.25","$396.45","$17.50","$10.40","$7.95"
"3163","20120808","7","14","6","20","18","41","17","37","$1,000,000.00","$7,031.55","$612.55","$25.70","$14.10","$9.55"
"3164","20120813","14","21","4","27","41","45","37","5","$1,000,000.00","$5,204.95","$481.95","$26.90","$13.80","$10.30"
"3165","20120815","33","2","16","37","17","21","42","6","$1,000,000.00","$10,285.25","$437.15","$26.75","$14.45","$11.70"
"3166","20120820","4","2","37","1","23","15","11","39","$1,000,000.00","$3,959.35","$488.20","$25.05","$12.45","$10.30"
"3167","20120822","21","43","41","22","7","33","40","38","$1,000,000.00","$10,209.75","$472.65","$27.30","$15.05","$11.45"
"3168","20120827","20","9","27","25","16","8","13","21","$1,000,000.00","$2,970.20","$330.00","$19.55","$10.85","$7.60"
"3169","20120829","6","30","20","28","39","40","45","9","$1,000,000.00","$7,074.95","$432.80","$23.65","$13.95","$13.00"
"3170","20120903","13","4","10","22","32","23","40","44","$0.00","$5,949.65","$400.45","$21.60","$13.65","$11.50"
"3171","20120905","22","30","7","35","16","37","27","12","$0.00","$3,185.65","$532.15","$26.80","$11.85","$7.80"
"3172","20120910","20","6","30","37","26","45","41","18","$0.00","$12,377.50","$430.25","$26.30","$16.30","$13.55"
"3173","20120912","29","44","33","22","41","37","45","15","$1,000,000.00","$8,043.25","$497.15","$28.20","$16.60","$13.95"
"3174","20120917","41","23","2","18","14","26","37","10","$0.00","$9,717.25","$528.50","$26.60","$12.35","$10.75"
"3175","20120919","7","35","3","13","25","19","24","37","$500,000.00","$3,130.35","$169.85","$14.10","$10.85","$11.85"
"3176","20120924","31","17","9","35","42","32","16","30","$0.00","$6,965.30","$574.60","$30.50","$16.75","$11.40"
"3177","20120926","22","32","45","2","37","5","23","38","$1,000,000.00","$23,772.80","$520.85","$27.35","$15.90","$11.40"
"3178","20121001","18","44","23","5","7","43","21","27","$0.00","$6,058.90","$503.60","$24.50","$11.40","$7.15"
"3179","20121003","25","16","43","28","30","29","3","4","$0.00","$6,646.20","$588.35","$26.75","$13.95","$9.35"
"3180","20121008","30","13","15","37","14","8","36","32","$1,000,000.00","$5,498.90","$652.40","$27.00","$16.15","$11.00"
"3181","20121010","36","45","42","9","7","3","18","29","$0.00","$4,885.35","$628.05","$26.30","$12.85","$9.05"
"3182","20121015","25","18","29","39","24","22","14","21","$0.00","$9,899.50","$481.25","$25.15","$13.35","$9.50"
"3183","20121017","20","14","21","42","37","36","7","16","$0.00","$11,928.70","$530.15","$27.60","$12.15","$9.35"
"3184","20121022","32","11","37","21","23","41","1","26","$2,000,000.00","$10,863.40","$969.60","$47.30","$25.50","$20.70"
"3185","20121024","29","2","23","8","20","28","11","5","$0.00","$3,049.45","$317.55","$18.90","$8.35","$6.25"
"3186","20121029","1","39","43","18","13","10","40","33","$0.00","$5,334.70","$525.95","$27.60","$14.65","$10.65"
"3187","20121031","3","37","15","4","22","30","1","16","$1,000,000.00","$9,117.20","$463.45","$24.35","$13.85","$10.05"
"3188","20121105","33","4","12","39","1","44","8","22","$0.00","$5,282.65","$660.35","$29.15","$12.65","$8.20"
"3189","20121107","23","16","26","14","30","5","45","36","$1,000,000.00","$3,981.70","$333.30","$19.45","$14.60","$13.70"
"3190","20121112","26","43","10","8","45","24","15","4","$0.00","$6,367.50","$562.00","$27.85","$14.70","$9.50"
"3191","20121114","27","44","25","5","32","10","30","31","$1,000,000.00","$8,061.65","$429.95","$23.35","$12.50","$11.40"
"3192","20121119","30","14","20","19","11","41","43","42","$0.00","$7,395.10","$610.05","$23.80","$15.50","$11.50"
"3193","20121121","6","30","19","26","12","7","8","14","$1,000,000.00","$2,787.20","$242.35","$15.90","$9.70","$8.60"
"3194","20121126","42","45","16","36","30","37","24","39","$1,000,000.00","$9,944.00","$743.65","$32.55","$17.60","$13.60"
"3195","20121128","14","37","19","26","12","16","4","31","$0.00","$5,384.65","$398.85","$22.55","$12.05","$9.60"
"3196","20121203","20","34","26","14","9","13","18","23","$0.00","$4,901.10","$423.55","$23.75","$12.45","$8.65"
"3197","20121205","10","1","24","32","31","19","23","41","$0.00","$4,745.40","$434.20","$24.00","$14.45","$12.60"
"3198","20121210","9","21","22","10","27","8","34","6","$1,000,000.00","$3,658.25","$279.15","$17.55","$10.65","$10.55"
"3199","20121212","45","32","3","24","15","37","27","1","$0.00","$6,295.00","$699.45","$33.75","$15.85","$9.50"
"3200","20121217","7","35","29","13","36","40","6","21","$1,000,000.00","$7,802.40","$400.10","$22.90","$11.90","$8.55"
"3201","20121219","16","9","36","12","29","18","42","38","$1,000,000.00","$7,554.80","$383.20","$20.30","$14.50","$11.80"
"3202","20121224","36","13","2","19","22","14","4","40","$1,000,000.00","$3,659.60","$354.20","$20.75","$12.10","$9.90"
"3203","20121226","31","16","7","39","43","19","18","20","$666,666.67","$2,584.90","$453.50","$26.15","$14.95","$10.30"
"3204","20121231","26","33","14","11","9","18","5","25","$0.00","$5,880.75","$437.70","$22.55","$11.35","$7.80"
"3205","20130102","37","43","10","24","36","21","31","45","$0.00","$6,747.70","$565.20","$29.35","$16.70","$13.30"
"3206","20130107","32","44","18","13","21","41","20","37","$1,000,000.00","$8,179.10","$630.90","$28.65","$16.15","$11.10"
"3207","20130109","36","11","42","41","33","17","6","13","$0.00","$8,041.45","$564.30","$28.60","$14.85","$8.65"
"3208","20130114","3","28","5","21","12","6","18","32","$1,000,000.00","$2,569.45","$179.10","$13.80","$10.35","$10.45"
"3209","20130116","45","11","3","36","4","33","37","15","$0.00","$9,596.25","$518.30","$26.90","$15.30","$11.60"
"3210","20130121","16","33","42","15","13","22","29","27","$1,000,000.00","$24,132.20","$620.50","$30.15","$13.30","$8.60"
"3211","20130123","32","8","37","33","31","44","17","9","$0.00","$6,776.00","$641.60","$29.45","$16.10","$9.20"
"3212","20130128","25","8","21","16","9","22","11","14","$0.00","$2,366.50","$319.30","$20.00","$10.25","$7.75"
"3213","20130130","39","10","15","28","31","5","11","44","$666,666.67","$5,846.35","$348.10","$21.45","$12.65","$10.20"
"3214","20130204","31","7","43","15","16","30","20","42","$1,000,000.00","$4,115.60","$560.75","$28.55","$15.45","$12.20"
"3215","20130206","45","16","40","4","5","42","39","7","$0.00","$11,553.25","$704.75","$32.30","$16.30","$11.15"
"3216","20130211","14","34","42","20","31","19","28","35","$1,000,000.00","$7,206.30","$523.15","$27.20","$14.25","$9.40"
"3217","20130213","2","40","33","39","37","18","15","42","$0.00","$5,345.90","$686.65","$30.15","$15.60","$12.45"
"3218","20130218","39","44","42","7","37","24","33","25","$2,000,000.00","$9,997.50","$1,252.00","$55.70","$30.10","$21.90"
"3219","20130220","22","10","29","13","3","23","26","19","$1,000,000.00","$1,911.35","$289.55","$16.75","$9.10","$8.45"
"3220","20130225","23","28","1","44","24","7","41","29","$1,000,000.00","$8,270.50","$357.35","$22.50","$14.65","$12.55"
"3221","20130227","20","41","8","26","45","3","23","15","$1,000,000.00","$5,256.55","$579.45","$26.65","$14.75","$9.75"
"3222","20130304","4","23","25","45","37","9","27","8","$0.00","$9,465.05","$541.30","$28.45","$13.30","$8.20"
"3223","20130306","13","9","19","16","33","42","17","22","$0.00","$4,317.70","$513.05","$24.95","$13.40","$9.75"
"3224","20130311","18","9","16","14","33","24","36","1","$0.00","$9,134.45","$410.65","$24.00","$13.40","$11.80"
"3225","20130313","3","22","21","38","19","1","14","28","$0.00","$6,880.40","$477.20","$22.10","$11.50","$7.65"
"3226","20130318","5","27","22","21","16","31","28","13","$1,000,000.00","$4,098.60","$295.40","$19.90","$10.40","$8.00"
"3227","20130320","13","15","39","27","8","40","10","31","$1,000,000.00","$5,735.35","$417.40","$23.70","$12.60","$9.70"
"3228","20130325","23","42","32","22","28","3","8","14","$0.00","$3,784.25","$520.60","$25.30","$12.35","$8.95"
"3229","20130327","14","18","41","2","34","5","42","33","$0.00","$9,576.35","$503.25","$26.55","$15.90","$12.90"
"3230","20130401","17","37","41","32","9","21","24","38","$1,000,000.00","$5,865.80","$515.10","$27.85","$17.25","$12.55"
"3231","20130403","36","17","19","28","39","13","27","35","$0.00","$3,827.15","$425.25","$23.05","$12.80","$9.40"
"3232","20130408","33","18","31","41","45","28","12","21","$1,000,000.00","$6,940.80","$536.00","$32.00","$15.65","$8.90"
"3233","20130410","26","14","35","10","31","44","21","37","$1,000,000.00","$3,286.90","$402.15","$23.60","$13.20","$10.00"
"3234","20130415","13","41","7","36","32","45","44","25","$1,000,000.00","$3,975.95","$570.90","$28.65","$15.55","$12.50"
"3235","20130417","34","4","19","10","31","38","20","45","$1,000,000.00","$6,512.05","$443.20","$23.60","$14.85","$12.50"
"3236","20130422","6","10","3","24","4","27","40","21","$0.00","$2,726.80","$281.70","$16.65","$10.75","$10.20"
"3237","20130424","44","18","7","39","13","45","43","1","$0.00","$11,291.05","$575.85","$26.75","$13.65","$12.30"
"3238","20130429","6","23","26","43","32","30","3","16","$0.00","$4,192.15","$523.60","$26.45","$12.95","$9.50"
"3239","20130501","39","7","23","3","20","43","19","36","$1,000,000.00","$2,751.85","$420.20","$21.65","$11.95","$9.45"
"3240","20130506","8","41","42","1","18","44","24","45","$0.00","$4,403.95","$534.45","$26.45","$12.65","$14.15"
"3241","20130508","26","19","37","28","36","5","1","6","$0.00","$9,316.35","$510.30","$22.80","$11.00","$8.00"
"3242","20130513","26","35","42","31","5","41","45","11","$0.00","$10,232.55","$657.75","$30.05","$15.00","$11.80"
"3243","20130515","18","8","20","22","26","30","1","4","$1,000,000.00","$6,147.60","$332.60","$19.55","$10.35","$8.05"
"3244","20130520","3","15","28","33","42","16","23","27","$666,666.67","$4,027.55","$606.30","$27.95","$13.30","$8.40"
"3245","20130522","11","24","29","15","21","9","44","10","$666,666.67","$3,919.15","$233.00","$18.45","$12.55","$11.20"
"3246","20130527","24","32","16","22","25","17","28","23","$1,000,000.00","$4,024.40","$264.50","$23.50","$12.90","$9.15"
"3247","20130529","44","38","2","5","24","30","6","21","$0.00","$7,957.35","$598.95","$29.15","$14.45","$9.10"
"3248","20130603","45","37","3","16","32","1","35","26","$0.00","$6,555.90","$667.15","$32.35","$17.10","$11.10"
"3249","20130605","42","40","2","19","35","44","12","4","$0.00","$9,293.95","$481.90","$27.65","$14.30","$8.20"
"3250","20130610","10","30","29","17","27","36","25","33","$0.00","$3,450.95","$460.15","$22.65","$13.20","$10.35"
"3251","20130612","7","31","8","13","5","22","45","43","$1,000,000.00","$9,119.95","$248.90","$15.85","$14.15","$12.90"
"3252","20130617","25","29","41","43","10","44","39","28","$0.00","$4,719.10","$458.80","$29.20","$15.40","$11.40"
"3253","20130619","30","1","9","22","18","5","38","28","$1,000,000.00","$3,846.40","$256.45","$16.70","$11.70","$8.85"
"3254","20130624","7","10","45","29","39","26","5","23","$1,000,000.00","$5,083.90","$494.25","$25.95","$12.55","$7.80"
"3255","20130626","14","2","10","35","39","42","18","29","$1,000,000.00","$8,790.35","$538.35","$28.85","$12.85","$9.00"
"3256","20130701","15","14","23","13","4","34","29","43","$1,000,000.00","$6,463.25","$404.45","$23.90","$13.50","$9.80"
"3257","20130703","32","33","3","29","23","45","37","25","$0.00","$9,114.35","$562.60","$25.65","$15.35","$11.80"
"3258","20130708","39","9","13","42","19","29","41","23","$333,333.34","$1,373.90","$160.50","$16.95","$13.10","$12.30"
"3259","20130710","28","29","36","45","27","8","21","39","$1,000,000.00","$3,852.25","$599.25","$26.15","$14.20","$11.00"
"3260","20130715","23","26","30","35","11","4","12","1","$0.00","$2,798.80","$292.55","$19.00","$11.20","$8.35"
"3261","20130717","3","18","6","8","42","16","41","21","$0.00","$7,695.95","$396.85","$21.40","$13.85","$12.10"
"3262","20130722","23","7","31","4","11","8","39","12","$1,000,000.00","$2,685.15","$219.20","$13.30","$9.95","$11.40"
"3263","20130724","33","19","7","42","30","34","8","9","$0.00","$4,355.45","$582.25","$26.90","$13.95","$8.60"
"3264","20130729","8","10","39","31","42","36","14","7","$0.00","$9,807.90","$552.80","$28.90","$14.70","$8.15"
"3265","20130731","4","7","24","18","43","14","39","31","$1,000,000.00","$3,977.35","$421.85","$20.90","$13.85","$12.05"
"3266","20130805","13","44","14","1","4","39","30","5","$1,000,000.00","$6,738.15","$535.55","$26.10","$13.55","$8.90"
"3267","20130807","24","7","28","31","18","42","19","21","$1,000,000.00","$4,152.25","$388.25","$22.70","$10.65","$8.55"
"3268","20130812","21","23","29","36","24","1","5","7","$0.00","$4,362.05","$472.40","$26.15","$11.05","$6.80"
"3269","20130814","25","32","11","19","45","41","33","8","$0.00","$11,623.75","$556.35","$30.20","$14.45","$10.10"
"3270","20130819","28","39","34","3","19","35","4","10","$0.00","$9,773.90","$589.30","$24.35","$13.20","$8.20"
"3271","20130821","16","40","44","8","24","15","39","3","$0.00","$3,418.85","$175.60","$21.05","$15.60","$11.60"
"3272","20130826","42","6","25","27","43","38","20","15","$2,000,000.00","$11,114.00","$998.60","$51.10","$27.20","$19.40"
"3273","20130828","14","32","40","33","11","15","44","31","$0.00","$6,953.65","$560.85","$29.65","$16.40","$12.10"
"3274","20130902","30","13","43","45","28","20","7","1","$1,000,000.00","$7,260.25","$568.75","$26.55","$12.95","$7.35"
"3275","20130904","2","13","22","20","14","35","12","44","$0.00","$5,317.60","$415.90","$22.95","$12.95","$10.10"
"3276","20130909","28","8","5","41","44","40","15","42","$0.00","$5,412.45","$529.90","$25.05","$13.10","$12.40"
"3277","20130911","28","32","11","2","1","7","35","42","$0.00","$3,841.55","$358.55","$16.75","$13.50","$10.90"
"3278","20130916","36","4","17","43","1","18","31","25","$1,000,000.00","$5,866.60","$536.80","$26.80","$14.30","$10.75"
"3279","20130918","41","11","19","42","44","21","37","38","$0.00","$4,943.65","$508.90","$25.15","$13.90","$12.55"
"3280","20130923","38","32","39","9","1","5","14","23","$0.00","$12,230.60","$551.45","$29.55","$14.45","$9.25"
"3281","20130925","38","30","33","18","26","32","5","22","$1,000,000.00","$6,852.05","$573.95","$28.75","$14.40","$8.95"
"3282","20130930","6","39","33","24","12","31","23","16","$1,000,000.00","$7,725.45","$572.25","$26.50","$14.25","$10.20"
"3283","20131002","40","30","9","12","32","11","44","16","$1,000,000.00","$7,795.40","$555.40","$25.60","$14.55","$11.95"
"3284","20131007","5","9","13","40","16","18","8","10","$1,000,000.00","$5,348.90","$410.90","$20.20","$10.50","$7.20"
"3285","20131009","34","10","22","31","16","28","37","44","$1,000,000.00","$3,018.35","$286.30","$22.60","$14.20","$11.50"
"3286","20131014","5","37","10","4","38","13","11","27","$0.00","$11,837.30","$481.40","$24.75","$10.90","$6.45"
"3287","20131016","37","32","38","2","42","13","27","31","$0.00","$6,445.40","$508.60","$29.35","$14.80","$10.00"
"3288","20131021","10","33","42","40","30","28","16","17","$1,000,000.00","$5,820.85","$576.75","$28.30","$16.35","$11.95"
"3289","20131023","42","9","26","3","16","27","43","39","$0.00","$10,648.15","$549.10","$26.05","$17.00","$12.95"
"3290","20131028","19","45","44","35","25","32","12","33","$1,000,000.00","$6,824.65","$579.05","$31.40","$17.30","$12.50"
"3291","20131030","38","4","37","14","9","45","17","31","$0.00","$16,346.50","$759.05","$35.50","$18.15","$11.65"
"3292","20131104","27","3","7","29","45","34","19","15","$0.00","$4,171.75","$499.20","$25.80","$12.70","$9.65"
"3293","20131106","33","34","20","1","42","31","38","24","$1,000,000.00","$6,139.25","$544.30","$33.80","$18.10","$13.00"
"3294","20131111","26","3","4","42","32","27","22","14","$0.00","$7,695.80","$529.10","$31.50","$14.95","$10.70"
"3295","20131113","44","33","28","26","38","13","14","36","$0.00","$6,100.20","$476.65","$26.85","$15.80","$12.40"
"3296","20131118","28","34","7","30","16","31","12","40","$0.00","$11,925.90","$565.60","$28.20","$14.85","$11.85"
"3297","20131120","40","38","41","3","34","23","18","20","$1,000,000.00","$5,984.85","$581.85","$32.85","$16.85","$11.45"
"3298","20131125","45","26","22","23","24","17","12","30","$0.00","$11,713.75","$717.40","$30.80","$15.55","$9.55"
"3299","20131127","14","26","25","35","29","15","23","2","$1,000,000.00","$5,329.65","$458.45","$26.90","$14.05","$10.25"
"3300","20131202","3","27","2","7","35","44","43","29","$1,000,000.00","$11,382.95","$567.55","$25.70","$13.55","$11.85"
"3301","20131204","42","45","17","6","3","35","12","34","$0.00","$10,494.45","$720.20","$34.80","$18.00","$12.75"
"3302","20131209","44","39","31","23","36","1","43","35","$0.00","$6,923.15","$628.85","$32.95","$18.60","$13.85"
"3303","20131211","15","33","22","10","12","23","21","4","$1,000,000.00","$3,891.15","$586.95","$25.10","$12.75","$9.35"
"3304","20131216","43","28","29","18","23","24","9","2","$0.00","$7,701.90","$541.05","$26.85","$14.25","$9.45"
"3305","20131218","38","2","26","4","36","30","24","43","$0.00","$7,622.30","$677.55","$29.95","$16.75","$14.45"
"3306","20131223","13","14","15","19","1","24","44","45","$0.00","$8,476.60","$427.30","$23.65","$17.55","$14.00"
"3307","20131225","25","33","44","35","30","21","40","22","$0.00","$5,226.40","$570.50","$30.35","$16.55","$12.55"
"3308","20131230","22","21","9","18","42","39","34","28","$1,000,000.00","$9,772.15","$660.90","$30.55","$15.40","$11.20"
"3309","20140101","24","45","4","29","3","14","11","16","$0.00","$6,907.40","$618.40","$27.35","$13.55","$9.40"
"3310","20140106","17","39","25","13","41","32","29","23","$0.00","$8,304.80","$669.85","$32.30","$15.80","$10.00"
"3311","20140108","21","19","29","5","15","4","9","6","$1,000,000.00","$2,640.45","$348.10","$18.60","$10.05","$7.90"
"3312","20140113","36","16","34","28","38","18","29","13","$0.00","$5,362.90","$355.70","$23.90","$14.75","$9.35"
"3314","20140120","19","31","37","42","7","41","17","34","$0.00","$4,496.65","$441.40","$26.50","$15.65","$12.70"
"3315","20140122","44","3","11","42","22","26","19","21","$2,000,000.00","$10,176.10","$883.30","$50.50","$27.50","$20.00"
"3316","20140127","20","45","22","17","31","38","32","34","$0.00","$24,776.80","$720.40","$37.50","$19.20","$12.50"
"3317","20140129","42","6","32","4","8","18","36","13","$0.00","$5,657.50","$567.80","$26.65","$13.85","$10.85"
"3318","20140203","25","27","30","42","36","44","31","2","$0.00","$7,325.85","$500.90","$30.70","$17.60","$12.50"
"3319","20140205","43","4","30","28","41","45","13","23","$1,000,000.00","$6,647.75","$514.45","$32.55","$17.40","$8.65"
"3320","20140210","7","3","17","20","29","14","8","40","$1,000,000.00","$3,018.70","$296.40","$18.50","$12.25","$10.40"
"3321","20140212","8","34","36","14","44","28","13","23","$1,000,000.00","$5,292.25","$489.05","$27.00","$15.15","$8.80"
"3322","20140217","24","18","21","16","3","19","2","42","$1,000,000.00","$3,718.45","$332.90","$22.10","$14.65","$12.55"
"3323","20140219","14","9","18","4","39","42","15","27","$0.00","$4,807.80","$591.55","$28.35","$14.60","$10.15"
"3324","20140224","7","1","39","10","9","35","27","33","$1,000,000.00","$5,813.70","$519.75","$24.85","$13.30","$10.55"
"3325","20140226","44","3","11","12","19","4","40","45","$0.00","$4,369.25","$338.70","$20.35","$15.50","$12.70"
"3326","20140303","4","14","37","21","38","10","35","25","$0.00","$3,715.95","$446.95","$25.35","$15.30","$11.70"
"3327","20140305","26","22","23","8","35","25","6","39","$1,000,000.00","$10,867.15","$533.85","$24.75","$15.10","$13.10"
"3328","20140310","44","20","40","28","37","27","16","19","$1,000,000.00","$5,353.10","$603.40","$29.10","$15.35","$10.85"
"3329","20140312","4","33","12","9","22","15","16","10","$1,000,000.00","$6,381.65","$406.85","$23.05","$13.55","$10.55"
"3330","20140317","40","8","11","21","26","41","18","15","$1,000,000.00","$8,093.95","$413.80","$24.00","$14.80","$10.60"
"3331","20140319","26","13","42","15","30","19","40","1","$1,000,000.00","$5,757.25","$473.60","$24.85","$15.40","$10.95"
"3332","20140324","4","16","34","21","19","41","5","30","$0.00","$8,124.60","$552.90","$29.05","$15.35","$10.25"
"3333","20140326","20","16","43","25","34","11","42","30","$0.00","$3,910.95","$444.45","$25.95","$16.50","$13.20"
"3334","20140331","18","12","29","40","33","8","39","30","$1,000,000.00","$4,448.95","$328.35","$23.85","$15.30","$12.90"
"3335","20140402","7","38","6","26","13","34","35","25","$1,000,000.00","$7,045.50","$471.95","$26.35","$16.25","$11.80"
"3336","20140407","35","2","20","15","30","25","7","34","$1,000,000.00","$3,811.15","$125.55","$17.25","$13.55","$11.70"
"3337","20140409","38","8","16","32","41","44","21","45","$1,000,000.00","$6,814.25","$486.75","$29.10","$17.30","$13.75"
"3338","20140414","39","7","1","21","43","23","22","33","$1,000,000.00","$5,811.50","$443.15","$25.40","$14.95","$11.65"
"3339","20140416","22","41","33","19","10","23","12","44","$0.00","$5,480.85","$601.80","$30.05","$15.60","$12.05"
"3340","20140421","31","42","6","19","13","43","4","7","$0.00","$8,232.30","$486.30","$28.55","$13.75","$7.70"
"3341","20140423","11","21","14","39","5","9","34","35","$1,000,000.00","$3,441.30","$355.65","$21.45","$14.50","$13.45"
"3342","20140428","39","33","27","8","3","5","20","35","$1,000,000.00","$6,589.05","$381.20","$22.75","$14.10","$11.15"
"3343","20140430","22","1","8","14","38","28","7","13","$1,000,000.00","$4,719.60","$412.80","$21.70","$11.80","$7.25"
"3344","20140505","24","39","19","36","26","41","16","12","$1,000,000.00","$8,925.40","$575.10","$34.20","$17.55","$12.10"
"3345","20140507","23","44","20","11","1","41","17","19","$2,000,000.00","$11,099.90","$920.90","$57.30","$30.70","$22.40"
"3346","20140512","1","43","39","18","19","13","31","24","$1,000,000.00","$7,018.90","$536.95","$30.70","$17.15","$13.50"
"3347","20140514","3","20","5","9","13","27","25","44","$1,000,000.00","$4,780.80","$245.70","$17.05","$13.30","$14.25"
"3348","20140519","4","37","25","12","3","34","6","40","$1,000,000.00","$10,212.75","$695.75","$32.20","$17.25","$13.30"
"3349","20140521","5","33","11","32","40","12","29","15","$0.00","$5,978.55","$555.20","$29.80","$16.50","$10.95"
"3350","20140526","6","35","27","21","30","34","10","37","$0.00","$3,785.05","$645.25","$29.75","$14.50","$12.40"
"3351","20140528","30","15","27","19","42","32","13","2","$0.00","$7,866.05","$663.40","$32.10","$16.35","$10.75"
"3352","20140602","4","3","23","16","34","21","7","18","$1,000,000.00","$4,376.65","$544.65","$28.30","$11.80","$8.95"
"3353","20140604","32","28","7","26","20","8","40","9","$0.00","$7,171.00","$575.00","$26.65","$14.65","$12.90"
